Cell Number,Probability of Stability,Distance from Crest
1,0.43158420445387724,1.0416666666666667
2,0.8513600392452223,3.125
3,0.982545449224722,5.208333333333333
4,0.9956534765276315,7.291666666666667
5,0.9996507477839786,9.375000000000002
6,0.9998086176490758,11.458333333333334
7,0.9999914300420651,13.541666666666668
8,1.0,15.625000000000002
9,0.9999999693249119,17.708333333333332
10,1.0,19.791666666666668
11,1.0,21.875
12,1.0,23.958333333333332
